Title,Author,Price,Rating
Atomic Habits: An Easy & Proven Way to Build Good Habits & Break Bad Ones,James Clear,$0.00,4.8 out of 5 stars
The Let Them Theory: A Life-Changing Tool That Millions of People Can’t Stop Talking About,Mel Robbins,$0.00,4.6 out of 5 stars
The Subtle Art of Not Giving a F*ck: A Counterintuitive Approach to Living a Good Life,N/A,$0.00,4.5 out of 5 stars
48 Laws of Power,Robert Greene,$0.00,4.7 out of 5 stars
Make Your Bed: Little Things That Can Change Your Life...And Maybe the World,Admiral William H. McRaven,$11.43,4.7 out of 5 stars
Can't Hurt Me: Master Your Mind and Defy the Odds,David Goggins,$0.00,4.8 out of 5 stars
Don't Believe Everything You Think (Expanded Edition): Why Your Thinking Is The Beginning & End Of Suffering (Graduation Gift) (Books By Joseph Nguyen),N/A,$12.54,4.6 out of 5 stars
"The Body Keeps the Score: Brain, Mind, and Body in the Healing of Trauma",Bessel van der Kolk M.D.,$10.86,4.8 out of 5 stars
Ikigai: The Japanese Secret to a Long and Happy Life,Héctor García,$13.29,4.5 out of 5 stars
How to Win Friends & Influence People (Dale Carnegie Books),Dale Carnegie,$9.99,4.7 out of 5 stars
The 7 Habits of Highly Effective People: 30th Anniversary Edition (The Covey Habits Series),Stephen R. Covey,$11.69,4.8 out of 5 stars
Get Out of Your Head: Stopping the Spiral of Toxic Thoughts,Jennie Allen,$11.83,4.7 out of 5 stars
The Power of Discipline: How to Use Self Control and Mental Toughness to Achieve Your Goals,Daniel Walter,$16.99,4.6 out of 5 stars
The Four Agreements: A Practical Guide to Personal Freedom (A Toltec Wisdom Book),N/A,$7.05,4.7 out of 5 stars
"The Psychology of Money: Timeless Lessons on Wealth, Greed, and Happiness",Morgan Housel,$0.00,4.7 out of 5 stars
Unfu*k Yourself: Get Out of Your Head and into Your Life,N/A,$0.00,4.6 out of 5 stars
12 Rules for Life: An Antidote to Chaos,N/A,$0.00,4.7 out of 5 stars
"Stop Overthinking: 23 Techniques to Relieve Stress, Stop Negative Spirals, Declutter Your Mind, and Focus on the Present (The Path to Calm)",N/A,$10.99,4.5 out of 5 stars
The Book of Alchemy: A Creative Practice for an Inspired Life,Suleika Jaouad,$23.62,4.9 out of 5 stars
"The Next Conversation: Argue Less, Talk More",Jefferson Fisher,$0.00,4.9 out of 5 stars
"The Daily Stoic: 366 Meditations on Wisdom, Perseverance, and the Art of Living",Ryan Holiday,$16.29,4.8 out of 5 stars
"Forgiving What You Can't Forget: Discover How to Move On, Make Peace with Painful Memories, and Create a Life That’s Beautiful Again",Lysa TerKeurst,$16.00,4.7 out of 5 stars
Think and Grow Rich: The Landmark Bestseller Now Revised and Updated for the 21st Century (Think and Grow Rich Series),Napoleon Hill,$6.99,4.8 out of 5 stars
The Creative Act: A Way of Being,Rick Rubin,$16.99,4.7 out of 5 stars
The Mountain Is You: Transforming Self-Sabotage into Self-Mastery,Brianna Wiest,$0.00,4.7 out of 5 stars
"Self-Love Workbook for Women: Release Self-Doubt, Build Self-Compassion, and Embrace Who You Are (Self-Love Workbook and Journal)",N/A,$8.88,4.7 out of 5 stars
It Didn't Start with You: How Inherited Family Trauma Shapes Who We Are and How to End the Cycle,Mark Wolynn,$9.99,4.7 out of 5 stars
"Good Vibes, Good Life: How Self-Love Is the Key to Unlocking Your Greatness: OVER 2 MILLION COPIES SOLD",Vex King,$10.75,4.7 out of 5 stars
"The Magic of Mindful Self-Awareness: How To Stop Overthinking, Clear Your Mind, and Be Happy (Almost) All the Time",Matt Tenney,$9.99,4.6 out of 5 stars
Master Your Emotions: A Practical Guide to Overcome Negativity and Better Manage Your Feelings,N/A,$0.00,4.6 out of 5 stars
Worthy: How to Believe You Are Enough and Transform Your Life,Jamie Kern Lima,$0.00,4.8 out of 5 stars
"Emotional Intelligence: How To Master Self-Awareness, Empathy, and Social Skills for Deeper, More Meaningful Relationships (Emotional Wellness)",N/A,$17.19,4.5 out of 5 stars
"THE BIG BOOK OF SELF IMPROVEMENT | 6 BOOKS IN 1: Emotional Intelligence, Mental Strength, Advanced Conversation Tactics, Body Language & How to Stop Overthinking",Daniel Cooper,$0.00,4.9 out of 5 stars
The Laws of Human Nature,Robert Greene,$0.00,4.8 out of 5 stars
You Are a Badass® (Ultimate Collector's Edition): How to Stop Doubting Your Greatness and Start Living an Awesome Life,N/A,$0.00,4.7 out of 5 stars
The Power of Now: A Guide to Spiritual Enlightenment,N/A,$8.43,4.7 out of 5 stars
The Power of Positive Thinking,Dr. Norman Vincent Peale,$7.74,4.6 out of 5 stars
How to Win Friends & Influence People,Dale Carnegie,$0.00,4.6 out of 5 stars
The Self-Motivation Mindset Journal for Men: A 7-Step Guide for Self-Improvement,Heath Dixon,$18.12,4.8 out of 5 stars
The Self-Confidence Workbook: A Guide to Overcoming Self-Doubt and Improving Self-Esteem (Building Self-Confidence),Barbara Markway,$8.72,4.6 out of 5 stars
The 80/20 Principle: The Secret to Achieving More with Less,Richard Koch,$11.19,4.5 out of 5 stars
Get out of Your Own Way: Overcoming Self-Defeating Behavior: Overcoming Self-Defeating Behavior,Philip Goldberg,$0.00,4.5 out of 5 stars
"SELF-LOVE: Daily Strategies to Silence Your Inner Critic, Cultivate Self-Compassion, Set Healthy Boundaries, and Build Confidence for Lasting Self-Worth & Happiness",Madeline Mills,$0.00,4.8 out of 5 stars
"Winning the War in Your Mind: Change Your Thinking, Change Your Life",Craig Groeschel,$0.00,4.8 out of 5 stars
Hidden Potential: The Science of Achieving Greater Things,Adam Grant,$0.00,4.6 out of 5 stars
"Give Yourself Permission: Be Confident Be Happy Be You: Master the Habits to Transform Your Life, Your Personal Development, Confidence, Self Improvement, Business Skills & Winning Leadership",Cortney McDermott,$0.00,4.8 out of 5 stars
"How to Make Sh*t Happen: Make More Money, Get in Better Shape, Create Epic Relationships and Control",Sean Whalen,$0.00,4.5 out of 5 stars
"Self Help Books for Women - 3 in 1: A Self-Love Workbook for Women on Self-Improvement, Emotional Detox, Positive Psychology & Emotional Intelligence Habits to Stop Overthinking and Go Beyond Anxiety",Alexandra Morgan,$0.00,4.9 out of 5 stars
"Intentionality: A Groundbreaking Guide to Breath, Consciousness, and Radical Self-Transformation",Finnian Kelly,$16.00,4.7 out of 5 stars
Never Split the Difference: Negotiating as if Your Life Depended on It,Chris Voss,$0.00,4.7 out of 5 stars
